{
	"format_version": "1.8.0",
	"animations": {
		"animation.mothman.walk": {
			"loop": true,
			"animation_length": 1,
			"bones": {
				"leftfrontleg": {
					"rotation": {
						"0.0": {
							"vector": [0, -2.5, 0]
						},
						"0.25": {
							"vector": [0, 0, -10]
						},
						"0.5": {
							"vector": [0, -10, 0]
						},
						"0.75": {
							"vector": [5.123, -21.93857, -13.4936]
						},
						"1.0": {
							"vector": [-0.95735, -2.48037, 2.35135]
						}
					}
				},
				"rightfrontleg": {
					"rotation": {
						"0.0": {
							"vector": [0, 0, 0]
						},
						"0.25": {
							"vector": [0, 10, 0]
						},
						"0.5": {
							"vector": [0.43439, -2.462, -10.00933]
						},
						"0.75": {
							"vector": [-0.11431, 17.50234, 2.46325]
						},
						"1.0": {
							"vector": [-0.10901, 0.00238, 2.49762]
						}
					}
				},
				"backleftleg": {
					"rotation": {
						"0.0": {
							"vector": [0, 20, 0]
						},
						"0.25": {
							"vector": [0, 7.5, 0]
						},
						"0.5": {
							"vector": [0, -2.5, 0]
						},
						"0.75": {
							"vector": [0, 7.5, 0]
						},
						"1.0": {
							"vector": [0, 2.5, 0]
						}
					}
				},
				"backrightleg": {
					"rotation": {
						"0.0": {
							"vector": [0, 0, 0]
						},
						"0.25": {
							"vector": [0, -17.5, 0]
						},
						"0.5": {
							"vector": [0, 5, 0]
						},
						"0.75": {
							"vector": [0, -7.5, 0]
						},
						"1.0": {
							"vector": [0, 0, 0]
						}
					}
				},
				"root": {
					"rotation": {
						"vector": [0, 0, 0]
					}
				}
			}
		},
		"animation.mothman.idle": {
			"loop": true,
			"animation_length": 6,
			"bones": {
				"leftwing": {
					"rotation": {
						"0.0": {
							"vector": [-2.35642, 0.40703, 0.72085]
						},
						"1.5": {
							"vector": [2.44509, -0.49986, 0.13711]
						},
						"3.0": {
							"vector": [0, 0, 0]
						},
						"4.5417": {
							"vector": [-4.89436, 0.9799, -0.33758]
						},
						"6.0": {
							"vector": [-2.44637, 0.49355, -0.15832]
						}
					}
				},
				"rightwing": {
					"rotation": {
						"0.0": {
							"vector": [2.36141, -0.37701, -0.73699]
						},
						"1.5": {
							"vector": [-2.47117, 0.02377, -0.37837]
						},
						"3.0": {
							"vector": [0, 0, 0]
						},
						"4.5417": {
							"vector": [4.96543, -0.13389, 0.51052]
						},
						"6.0": {
							"vector": [2.46687, -0.09917, 0.59318]
						}
					}
				},
				"backleftleg": {
					"rotation": {
						"0.0": {
							"vector": [0, 0, 0]
						},
						"1.5": {
							"vector": [0, 2.5, 0]
						},
						"3.0": {
							"vector": [0, 0, 0]
						},
						"4.5417": {
							"vector": [0, -2.5, 0]
						},
						"6.0": {
							"vector": [0, -2.5, 0]
						}
					}
				},
				"backrightleg": {
					"rotation": {
						"0.0": {
							"vector": [0, -2.5, 0]
						},
						"1.5": {
							"vector": [0, 0, 0]
						},
						"3.0": {
							"vector": [0, -2.5, 0]
						},
						"4.5417": {
							"vector": [0, 2.5, 0]
						},
						"6.0": {
							"vector": [0, 0, 0]
						}
					}
				},
				"backwing": {
					"rotation": {
						"0.0": {
							"vector": [0, 0, 0]
						},
						"1.5": {
							"vector": [0.96364, 0.4988, 2.25648]
						},
						"3.0": {
							"vector": [0, 0, 0]
						},
						"4.5417": {
							"vector": [0.7941, 0.15469, -2.36443]
						},
						"6.0": {
							"vector": [1.27671, 0.34508, 0.08326]
						}
					}
				},
				"rightarm": {
					"rotation": {
						"0.0": {
							"vector": [0, 0, 2.5]
						},
						"1.5": {
							"vector": [-4.98107, -0.43523, 7.51893]
						},
						"3.0": {
							"vector": [2.5, 0, 2.5]
						},
						"4.5417": {
							"vector": [-6.62476, 1.18609, -4.25314]
						},
						"6.0": {
							"vector": [0, 0, 5]
						}
					}
				},
				"leftarm": {
					"rotation": {
						"0.0": {
							"vector": [0, 0, 0]
						},
						"1.5": {
							"vector": [4.99527, -0.21782, -5.0095]
						},
						"3.0": {
							"vector": [0.17477, 1.61404, -0.11226]
						},
						"4.5417": {
							"vector": [6.64601, -2.92542, 7.90157]
						},
						"6.0": {
							"vector": [0, 0, 2.5]
						}
					}
				}
			}
		}
	},
	"geckolib_format_version": 2
}